key	value
xxh3	318cd5ec0559901add3780097162a919
source_md5	3f108a40909fef3fe1bf72c564022357
analysis_tool	Ghidra
analysis_version	12.1.3
snapshot	CD-single-20261010+CD-overlay-owned-20261009
exporter_revision	28ffd9e2f7a195e9d2d6db7f522b4301f736c48cec3a5f9221dd73a1b77f4725
overlay_view_xxh3	f18924d7d9dfc8f62c1371bb5eb1f17f
overlay_body_clip_revision	1c38149e3ed55693336abfe94ad35c76c9c4e9548bccb7531ba2465305613671
join_revision	e62c3df29f463658ca9529cab95fbced8542ab03fa9e85b240cfac74641b54ff
region_mode	initialized
functions	2340
summed_body_bytes	400880
unique_body_bytes	400880
body_bytes_outside_regions	0
entries_without_instruction	1
