start	size	body_bytes	instructions	instructions_outside	data	data_outside	undefined	undefined_outside
1000:0000	15621	14609	14611	2	190	190	820	820
13d0:0005	1425	1421	1421	0	0	0	4	4
1429:0006	1939	1937	1937	0	0	0	2	2
14a2:0009	2756	2756	2756	0	0	0	0	0
154e:000d	1017	1017	1017	0	0	0	0	0
158e:0006	1785	1785	1785	0	0	0	0	0
15fd:000f	1257	1257	1257	0	0	0	0	0
164c:0008	4975	4934	4934	0	0	0	41	41
1783:0007	1396	1392	1392	0	0	0	4	4
17da:000b	525	523	523	0	0	0	2	2
17fb:0008	1632	1632	1632	0	0	0	0	0
1861:0008	2395	2395	2395	0	0	0	0	0
18f7:0003	381	381	381	0	0	0	0	0
190f:0000	3085	3085	3085	0	0	0	0	0
19cf:000d	2768	2765	2765	0	0	0	3	3
1a7c:000d	1037	1031	1031	0	0	0	6	6
1abd:000a	903	903	903	0	0	0	0	0
1af6:0001	3293	862	862	0	0	0	2431	2431
1bc3:000e	261	261	261	0	0	0	0	0
1bd4:0003	833	831	831	0	0	0	2	2
1c08:0004	6404	4453	4468	15	0	0	1936	1936
1d98:0008	38	38	38	0	0	0	0	0
1d9a:000e	377	229	229	0	0	0	148	148
1db2:0007	1631	1548	1548	0	0	0	83	83
1e18:0006	458	282	282	0	0	0	176	176
1e35:0000	16	0	0	0	1	1	15	15
1e36:0000	61056	0	0	0	7664	7664	53392	53392
