start	size	ranges
1000:0000	343	1000:0000..1000:0157
1000:0157	19	1000:0157..1000:016A
1000:016A	1	1000:016A..1000:016B
1000:016B	18	1000:016B..1000:017D
1000:017D	67	1000:017D..1000:01C0
1000:01C0	45	1000:01C0..1000:01ED
1000:01ED	68	1000:01ED..1000:0231
1000:0231	65	1000:0231..1000:0272
1000:0272	8	1000:0272..1000:027A
1000:027A	72	1000:027A..1000:02C2
1000:02C2	354	1000:02C2..1000:0424
1000:0424	32	1000:0424..1000:0444
1000:0444	29	1000:0444..1000:0461
1000:0461	1	1000:0461..1000:0462
1000:0462	87	1000:0462..1000:04B9
1000:04B9	15	1000:04B9..1000:04C8
1000:04C8	18	1000:04C8..1000:04DA
1000:04F4	10	1000:04F4..1000:04FE
1000:050B	33	1000:050B..1000:052C
1000:052C	77	1000:052C..1000:055B 1000:056E..1000:058C
1000:058C	57	1000:058C..1000:05C5
1000:05C5	18	1000:05C5..1000:05D7
1000:05D7	17	1000:05D7..1000:05E8
1000:05E8	130	1000:05E8..1000:066A
1000:066A	32	1000:066A..1000:068A
1000:068A	41	1000:068A..1000:06B3
1000:06B3	93	1000:06B3..1000:0710
1000:0710	89	1000:0710..1000:0769
1000:0769	33	1000:0769..1000:078A
1000:078A	28	1000:078A..1000:07A6
1000:07A6	47	1000:07A6..1000:07D5
1000:088F	44	1000:088F..1000:08BB
1000:08BB	24	1000:08BB..1000:08D3
1000:08D3	7	1000:08D3..1000:08DA
1000:08DA	9	1000:08DA..1000:08E3
1000:08E3	8	1000:08E3..1000:08EB
1000:08EB	26	1000:08EB..1000:0905
1000:0905	13	1000:0905..1000:0912
1000:0912	9	1000:0912..1000:091B
1000:091B	52	1000:091B..1000:094F
1000:094F	1071	1000:094F..1000:0D7E
1000:0DAE	37	1000:0DAE..1000:0DD3
1000:0DD3	122	1000:0DD3..1000:0E4D
1000:0E4D	52	1000:0E4D..1000:0E81
1000:0E81	41	1000:0E81..1000:0EAA
1000:0EAA	21	1000:0EAA..1000:0EBF
1000:0EBF	25	1000:0EBF..1000:0ED8
1000:0ED8	11	1000:0ED8..1000:0EE3
1000:0EF6	292	1000:0EF6..1000:101A
1000:1028	28	1000:1028..1000:1044
1000:1044	34	1000:1044..1000:1066
1000:1066	45	1000:1066..1000:1093
1000:1093	14	1000:1093..1000:10A1
1000:10A1	139	1000:10A1..1000:112C
1000:1149	194	1000:1149..1000:120B
1000:120B	137	1000:120B..1000:125E 1000:1260..1000:1296
1000:1296	28	1000:1296..1000:129B 1000:129E..1000:12B5
1000:12C1	99	1000:12C1..1000:1324
1000:1324	113	1000:1324..1000:1395
1000:1395	41	1000:1395..1000:13BE
1000:13BE	55	1000:13BE..1000:13F5
1000:13F5	41	1000:13F5..1000:141E
1000:141E	100	1000:141E..1000:1482
1000:1482	90	1000:1482..1000:14DC
1000:14DC	35	1000:14DC..1000:14FF
1000:14FF	10	1000:14FF..1000:1509
1000:1509	125	1000:1509..1000:1586
1000:1586	124	1000:1586..1000:1602
1000:1602	100	1000:1602..1000:1666
1000:1666	123	1000:1666..1000:166D 1000:1673..1000:16E7
1000:16E7	118	1000:16E7..1000:175D
1000:175D	63	1000:175D..1000:179C
1000:179C	139	1000:179C..1000:1827
1000:1827	25	1000:1827..1000:1840
1000:1885	73	1000:1885..1000:18CE
1000:18CE	86	1000:18CE..1000:1924
1000:1924	86	1000:1924..1000:197A
1000:197A	41	1000:197A..1000:19A3
1000:19B5	157	1000:19B5..1000:1A52
1000:1A52	23	1000:1A52..1000:1A69
1000:1A69	4	1000:1A69..1000:1A6D
1000:1A6D	56	1000:1A6D..1000:1AA5
1000:1AA5	52	1000:1AA5..1000:1AD9
1000:1AD9	202	1000:1AD9..1000:1BA3
1000:1BA3	60	1000:1BA3..1000:1BDF
1000:1BDF	85	1000:1BDF..1000:1C34
1000:1C34	34	1000:1C34..1000:1C56
1000:1C56	364	1000:1C56..1000:1DC2
1000:1EED	28	1000:1EED..1000:1F09
1000:1F65	194	1000:1F65..1000:2027
1000:2027	382	1000:2027..1000:21A5
1000:21A5	87	1000:21A5..1000:21FC
1000:21FC	10	1000:21FC..1000:2206
1000:2206	15	1000:2206..1000:2215
1000:2215	19	1000:2215..1000:2228
1000:2228	117	1000:2228..1000:229D
1000:229D	17	1000:229D..1000:22AE
1000:22AE	29	1000:22AE..1000:22CB
1000:22CB	40	1000:22CB..1000:22F3
1000:22F3	30	1000:22F3..1000:2311
1000:2311	119	1000:2311..1000:2388
1000:2388	184	1000:2388..1000:2440
1000:2440	203	1000:2440..1000:24BE 1000:24C0..1000:250D
1000:250D	66	1000:250D..1000:254F
1000:254F	188	1000:254F..1000:260B
1000:260B	209	1000:260B..1000:26DC
1000:26DC	74	1000:26DC..1000:2726
1000:2726	53	1000:2726..1000:275B
1000:275B	130	1000:275B..1000:27DD
1000:27DD	128	1000:27DD..1000:285D
1000:285D	224	1000:285D..1000:293D
1000:293D	62	1000:293D..1000:297B
1000:297B	120	1000:297B..1000:29F3
1000:29F3	21	1000:29F3..1000:2A08
1000:2A0B	236	1000:2A0B..1000:2A76 1000:2A78..1000:2AF9
1000:2B05	112	1000:2B05..1000:2B75
1000:2B75	36	1000:2B75..1000:2B99
1000:2B99	27	1000:2B99..1000:2BB4
1000:2BB4	18	1000:2BB4..1000:2BC6
1000:2BC6	367	1000:2BC6..1000:2D35
1000:2D35	79	1000:2D35..1000:2D84
1000:2D84	27	1000:2D84..1000:2D9F
1000:2D9F	28	1000:2D9F..1000:2DBB
1000:2DBB	399	1000:2DBB..1000:2E1F 1000:2E22..1000:2EBB 1000:2EBE..1000:2F50
1000:2F50	20	1000:2F50..1000:2F64
1000:2F64	510	1000:2F64..1000:302F 1000:3032..1000:30DF 1000:30E1..1000:3167
1000:3167	209	1000:3167..1000:3238
1000:3238	282	1000:3238..1000:3325 1000:3328..1000:3355
1000:3355	64	1000:3355..1000:3395
1000:3395	34	1000:3395..1000:33B7
1000:33B7	33	1000:33B7..1000:33D8
1000:33D8	63	1000:33D8..1000:3417
1000:3417	48	1000:3417..1000:3447
1000:3447	41	1000:3447..1000:3470
1000:3470	31	1000:3470..1000:348F
1000:348F	110	1000:348F..1000:34FD
1000:34FD	36	1000:34FD..1000:3521
1000:3521	337	1000:3521..1000:3672
1000:3672	60	1000:3672..1000:36AE
1000:36AE	61	1000:36AE..1000:36EB
1000:36EB	56	1000:36EB..1000:3723
1372:0003	251	1372:0003..1000:381E
1372:00FE	523	1372:00FE..1000:3A29
1372:0309	29	1372:0309..1000:3A46
1372:0326	29	1372:0326..1000:3A63
1372:0343	69	1372:0343..1000:3AA8
1372:0388	426	1372:0388..1000:3C52
1372:0532	511	1372:0532..1000:3E51
1372:0731	45	1372:0731..1000:3E7E
1372:075E	39	1372:075E..1000:3EA5
1372:0785	103	1372:0785..1000:3F0C
