start	size
0x00401110	242
0x00401210	19
0x00401250	12
0x00401270	9
0x00401280	1326
0x00401850	30
0x00401910	31402
0x0040FEF0	25
0x0040FF10	62
0x0040FF50	70
0x0040FFF0	70
0x004104B0	820
0x004107F0	860
0x00410B50	350
0x00410CC0	3110
0x00411910	220
0x004119F0	53
0x00411A30	2740
0x004124F0	3151
0x00413160	433
0x004146C0	758
0x004149C0	20
0x004149E0	20
0x00414A40	320
0x00414C20	104
0x004155D0	59
0x00415A20	48
0x00415A50	8
0x00415A60	31
0x00415E10	23
0x00415E40	54
0x00415EA0	189
0x00415F80	204
0x00416050	106
0x004160C0	125
0x00416140	125
0x004161C0	128
0x004162C0	2222
0x00416B70	184
0x00416C30	181
0x00416E30	255
0x00416F30	230
0x00417020	210
0x00417100	185
0x004171C0	115
0x00417CF0	260
0x00417E00	59
0x00417E40	134
0x00417ED0	6
0x00417F30	87
0x00417F90	263
0x004180A0	317
0x004181F0	856
0x00418560	70
0x004185B0	136
0x00418640	280
0x00418800	96
0x00418860	12
0x00418870	9
0x00418B90	521
0x00418DA0	477
0x00418F90	348
0x004190F0	90
0x00419160	183
0x00419230	297
0x00419360	512
0x00419560	346
0x004196C0	299
0x004197F0	1284
0x00419D00	578
0x00419F50	395
0x0041A0E0	455
0x0041A2C0	1061
0x0041A700	253
0x0041A800	102
0x0041A870	114
0x0041A8F0	345
0x0041AA50	497
0x0041AC50	988
0x0041B090	590
0x0041B320	562
0x0041B560	562
0x0041B810	1014
0x0041BC10	1014
0x0041C010	605
0x0041C270	683
0x0041C520	924
0x0041C8D0	937
0x0041CC80	325
0x0041CDD0	680
0x0041D080	902
0x0041D410	1832
0x0041DB40	1352
0x0041E3C0	3450
0x0041F150	842
0x0041F4B0	713
0x0041F780	405
0x0041F920	778
0x0041FC40	1195
0x00420100	648
0x00420390	885
0x00420710	512
0x00420910	582
0x00420B60	2433
0x00421500	631
0x00421780	1287
0x00421D00	1270
0x00422250	760
0x00422550	1328
0x00422A90	1366
0x00423000	2103
0x00423840	342
0x004239A0	761
0x00423CA0	1167
0x00424130	337
0x00424290	401
0x00424430	2018
0x00424C20	1508
0x00425230	1857
0x004259A0	953
0x00425D60	720
0x00426030	749
0x00426960	509
0x00426B60	514
0x00426D70	622
0x00426FE0	860
0x004287A0	188
0x00428860	203
0x00428DB0	333
0x00428F00	917
0x004292A0	2371
0x00429BF0	597
0x00429E50	532
0x0042A070	915
0x0042A410	1566
0x0042AA40	1145
0x0042AEC0	1950
0x0042B660	21165
0x00430CF0	795
0x00431010	636
0x00431290	1
0x00431600	11
0x00431710	311
0x00431870	320
0x00432980	322
0x00432AD0	322
0x00432C20	322
0x00463410	228
0x0046B220	1
0x00488570	1
0x00489980	232
0x004A0760	1
0x004A0DE0	5283
0x004A2790	8
0x004A3270	34
0x004A32A0	60
0x004A32F0	229
0x004A3690	335
0x004A3950	343
0x004A41E0	1066
0x004A4850	422
0x004A4A00	325
0x004A5690	572
0x004A58E0	5963
0x004A7670	1572
0x004A7E90	104
0x004A7F00	12
0x004A7F10	12
0x004A7F20	493
0x004A8110	331
0x004A8260	41
0x004A82C0	8
0x004A8330	186
0x004A83F0	77
0x004A8440	245
0x004A8540	68
0x004A8590	150
0x004A8630	15
0x004A8640	12
0x004A8900	458
0x004A90F0	366
0x004A9360	467
0x004A95C0	2326
0x004AACB0	1576
0x004AB610	2287
0x004ABF00	231
0x004ABFF0	1566
0x004AD270	52
0x004AD2B0	50
0x004AD2F0	91
0x004AD350	119
0x004AD3D0	468
0x004AD740	20
0x004AD9C0	104
0x004ADA30	12
0x004ADA40	12
0x004ADBB0	1048
0x004ADFF0	359
0x004AE160	4329
0x004AF3B0	617
0x004AF640	748
0x004AF940	2572
0x004B03F0	4225
0x004B1830	87
0x004B2340	12
0x004B2350	9864
0x004B4F50	26
0x004B4F70	68
0x004B4FC0	1400
0x004B5540	99
0x004B55B0	136
0x004B5640	179
0x004B5700	309
0x004B5840	326
0x004B5990	565
0x004B5BD0	107
0x004B5C40	166
0x004B5CF0	166
0x004B5DA0	154
0x004B5E40	247
0x004B5F40	118
0x004B5FC0	108
0x004B6030	1245
0x004B6530	591
0x004B6790	290
0x004B68C0	97
0x004B6930	260
0x004B6A40	120
0x004B6AC0	118
0x004B6B40	232
0x004B6C30	267
0x004B6D50	249
0x004B6E60	1240
0x004B7350	404
0x004B74F0	129
0x004B7580	333
0x004B76D0	105
0x004B7740	220
0x004B7820	251
0x004B7930	550
0x004B7B70	808
0x004B7EA0	720
0x004B8180	321
0x004B82D0	347
0x004B8430	287
0x004B8560	359
0x004B86D0	160
0x004B8770	99
0x004B87E0	82
0x004B8840	147
0x004B88E0	65
0x004B8930	173
0x004B89E0	184
0x004B8E00	268
0x004B8F90	960
0x004B9360	529
0x004B95A0	218
0x004B9760	581
0x004B9BD0	1148
0x004BA820	1080
0x004BAC60	438
0x004BAE20	363
0x004BAF90	902
0x004BB3D0	1694
0x004BBAD0	234
0x004BBBC0	890
0x004BBF90	172
0x004BC040	288
0x004BC160	41
0x004BC190	385
0x004BC320	574
0x004BC790	230
0x004BC8A0	32
0x004BCB30	348
0x004BD160	255
0x004BDB20	74
0x004BDB70	46
0x004BDBA0	187
0x004BDCD0	130
0x004BEA30	315
0x004BEDE0	262
0x004BEEF0	59
0x004BEF30	93
0x004BEF90	610
0x004BF2A0	85
0x004BF300	32
0x004BF320	138
0x004BF3B0	209
0x004BF490	1573
0x004BFAC0	46
0x004BFAF0	97
0x004BFB60	45
0x004BFB90	45
0x004BFBC0	45
0x004BFBF0	45
0x004BFC20	29
0x004BFC40	46
0x004BFC70	29
0x004BFC90	46
0x004BFCC0	15
0x004BFCD0	24
0x004BFCF0	139
0x004BFD80	119
0x004BFE00	762
0x004C0110	103
0x004C0180	114
0x004C0200	395
0x004C03A0	51
0x004C03E0	100
0x004C0450	121
0x004C04D0	67
0x004C0520	67
0x004C0570	378
0x004C06F0	269
0x004C0800	221
0x004C08E0	121
0x004C0960	24
0x004C0980	103
0x004C0A40	68
0x004C0A90	9
0x004C0AA0	126
0x004C0B20	125
0x004C0BA0	139
0x004C0C30	72
0x004C0C80	52
0x004C0CC0	100
0x004C0D30	52
0x004C0D70	30
0x004C0D90	45
0x004C0DC0	61
0x004C0E00	67
0x004C0E50	42
0x004C0E80	474
0x004C1060	118
0x004C10E0	38
0x004C1110	35
0x004C1140	81
0x004C11A0	57
0x004C11F0	2120
0x004C1A90	49
0x004C1E20	434
0x004C1FE0	403
0x004C2180	668
0x004C2560	270
0x004C2FD0	257
0x004C3C60	370
0x004C4270	39
0x004C67B0	400
0x004C6950	469
0x004C6B30	8
0x004C6B40	32
0x004C6B60	1252
0x004C7050	948
0x004C7410	144
0x004C74A0	451
0x004C7670	382
0x004C7800	721
0x004C7BA0	1687
0x004C9C10	349
0x004C9D70	226
0x004C9E60	857
0x004CA1C0	131
0x004CA250	222
0x004CA330	3766
0x004CB1F0	1710
0x004CB8C0	104
0x004CB930	65
0x004CB980	97
0x004CBC10	80
0x004CC4B0	477
0x004CCBB0	377
0x004CCD30	532
0x004CD2B0	1012
0x004CDB10	554
0x004CE5B0	391
0x004CE7D0	488
0x004CEB80	429
0x004CF130	660
0x004CFB80	561
0x004D0C90	1325
0x004D1340	635
0x004D16E0	908
0x004D1A80	370
0x004D1D10	558
0x004D2F70	1426
0x004D3AA0	541
0x004D3F10	212
0x004D4190	197
0x004D43B0	121
0x004D4430	286
0x004D45A0	358
0x004D49C0	193
0x004D4C70	445
0x004D4E70	512
0x004D52A0	445
0x004D5E50	369
0x004D6010	683
0x004D62C0	568
0x004D6500	288
0x004D6620	449
0x004D7470	565
0x004D7810	847
0x004D7EC0	386
0x004D80D0	564
0x004D83F0	112
0x004D8460	84
0x004D84C0	617
0x004D87C0	548
0x004D8A80	8591
0x004DC7D0	1421
0x004DD2D0	417
0x004DD780	46
0x004DFD70	19
0x004DFD90	19
0x004E0150	471
0x004E0400	278
0x004E06C0	358
0x004E08E0	5008
0x004E27E0	26
0x004E2800	62
0x004E2840	26
0x004E2860	26
0x004E2880	25
0x004E28E0	25
0x004E2900	25
0x004E2AD0	728
0x004E3790	74
0x004E37E0	32
0x004E3810	288
0x004E3D40	805
0x004E4070	614
0x004E42E0	320
0x004E4B90	724
0x004E4E70	719
0x004E5E30	261
0x004E6520	2654
0x004E6FA0	177
0x004E7190	121
0x004E7240	316
0x004E73B0	275
0x004E74D0	79
0x004E7530	216
0x004E7610	3573
0x004E8420	522
0x004E9250	73
0x004E9480	2642
0x004E9EE0	678
0x004EA1A0	1612
0x004EB210	23
0x004EB230	51
0x004EB300	101
0x004EB370	192
0x004EB430	93
0x004EB490	65
0x004EB540	37
0x004EB570	242
0x004EB670	173
0x004EB730	237
0x004EB820	167
0x004EB8D0	218
0x004EB9B0	164
0x004EBA60	209
0x004EBB40	168
0x004EBBF0	222
0x004EBD80	207
0x004EBE50	164
0x004EC2E0	214
0x004EC3C0	387
0x004ECA70	290
0x004ECC10	111
0x004ED580	42
0x004ED9D0	1269
0x004EE0B0	97
0x004EE120	107
0x004EE190	409
0x004EE330	100
0x004EE3A0	382
0x004EE520	110
0x004EE5A0	228
0x004EEAF0	62
0x004EEB40	309
0x004EECE0	13
0x004EECF0	721
0x004EF0B0	345
0x004EF350	747
0x004EF640	746
0x004F00F0	189
0x004F01D0	149
0x004F06C0	15
0x004F0A70	407
0x004F0C10	533
0x004F1630	176
0x004F2060	107
0x004F20E0	38
0x004F2110	560
0x004F2350	302
0x004F2490	361
0x004F2600	113
0x004F2680	90
0x004F26E0	355
0x004F2850	46
0x004F2880	39
0x004F28B0	86
0x004F32F0	1214
0x004F37D0	641
0x004F3BE0	314
0x004F3D20	1303
0x004F4250	245
0x004F4350	647
0x004F4600	347
0x004F4A60	688
0x004F4D10	1166
0x004F51A0	367
0x004F5320	3382
0x004F64B0	58
0x004F6570	202
0x004F6640	253
0x004F6740	79
0x004F67A0	73
0x004F6880	211
0x004F6960	271
0x004F6A70	95
0x004F6AD0	183
0x004F6B90	375
0x004F6D20	156
0x004F6DC0	348
0x004F6F20	51
0x004F6F60	77
0x004F6FC0	41
0x004F6FF0	44
0x004F7020	87
0x004F7140	142
0x004F71D0	104
0x004F7240	91
0x004F72A0	142
0x004F7330	92
0x004F7390	6
0x004F73A0	69
0x004F73F0	51
0x004F7450	547
0x004F7680	135
0x004F7710	33
0x004F7740	602
0x004F79B0	14
0x004F79C0	39
0x004F79F0	8
0x004F7A00	76
0x004F8280	483
0x004F8470	483
0x004F8660	547
0x004F8890	547
0x004F8AC0	515
0x004F8ED0	487
0x004F90D0	515
0x004F94E0	487
0x004F9770	467
0x004F9950	524
0x004F9B60	526
0x004F9F40	472
0x004FA400	226
0x004FA7D0	32
0x004FA8C0	326
0x004FB670	1312
0x004FC880	5112
0x004FEAA0	1328
0x00502D60	662
0x005030D0	2057
0x005039F0	866
0x00505160	45
0x005051A0	2100
0x00505D90	176
0x00506D30	22
0x00506D50	166
0x00507260	327
0x00507AB0	685
0x00508380	470
0x00508E50	392
0x00509330	989
0x00509730	1201
0x00509BF0	917
0x0050A040	836
0x0050A3B0	829
0x0050A700	1320
0x0050AC40	1246
0x0050B150	322
0x0050B360	1767
0x0050BA60	625
0x0050BCF0	2739
0x0050CAC0	650
0x0050CDF0	344
0x0050CF50	564
0x0050D240	689
0x0050D640	234
0x0050DA30	1773
0x0050E130	151
0x0050E6C0	150
0x0050E940	189
0x0050EC70	189
0x0050ED30	220
0x0050F260	250
0x0050F360	249
0x0050F460	529
0x0050F680	201
0x0050FAA0	293
0x0050FBD0	921
0x0050FF90	82
0x00510030	224
0x005105F0	167
0x00511A30	110
0x00511B50	1271
0x00512050	99
0x005120C0	80
0x00512120	61
0x00512160	4380
0x005132B0	78
0x00513310	116
0x00513390	100
0x00513400	150
0x005134A0	26
0x005134D0	103
0x00513540	95
0x005135A0	110
0x00513610	68
0x00513660	49
0x00513720	128
0x00513830	144
0x005138C0	292
0x005139F0	204
0x00513AC0	102
0x00513B30	496
0x00513D30	450
0x00513F00	51
0x00513FA0	92
0x00514290	843
0x00514950	1014
0x00514D50	864
0x005150D0	25
0x005151D0	51
0x00515210	10
0x00515220	8
0x00515230	1262
0x00515730	330
0x00515880	386
0x00515A10	8
0x00515FF0	63
0x005161B0	705
0x00516480	258
0x00516590	2053
0x00516E40	272
0x00518770	45
0x005187A0	238
0x005188A0	70
0x005188F0	229
0x005189E0	270
0x00518B00	52
0x00518B40	198
0x00518CE0	252
0x00518DF0	72
0x00518E40	337
0x00518FA0	236
0x00519090	460
0x00519290	2186
0x0051A300	467
0x0051A510	496
0x0051A740	663
0x0051AA30	779
0x0051ADB0	678
0x0051B0B0	731
0x0051B400	645
0x0051B6E0	10976
0x0051E460	2717
0x0051EF10	617
0x0051F8E0	309
0x0051FC70	8
0x0051FC80	350
0x0051FE00	101
0x0051FEE0	441
0x005200A0	100
0x00520110	236
0x00520210	100
0x00520280	58
0x005202C0	19
0x00520320	97
0x00520390	993
0x005207B0	95
0x00520810	1841
0x005212F0	628
0x00521580	697
0x00521840	3516
0x00522670	902
0x00522C70	321
0x00522E90	5887
0x005277F0	1263
0x00527E50	292
0x00528060	309
0x00528280	7173
0x0052AAC0	288
0x0052D800	442
0x0052FEE0	442
0x00532F30	431
0x00535660	317
0x00538230	317
0x0053ADE0	314
0x0054D7D0	673
0x0055C130	238
0x00562830	860
0x005656F0	830
0x00565A30	268
0x00565B50	400
0x005681F0	379
0x00569450	109
0x005694D0	96
0x00569540	539
0x005699E0	287
0x00569C80	578
0x00569ED0	1618
0x0056A530	775
0x0056A880	503
0x0056AA90	509
0x0056ACA0	475
0x0056AE80	297
0x0056AFB0	2294
0x0056C160	239
0x0056C250	1432
0x0056DED0	47
0x0056DF00	194
0x0056E0F0	53
0x0056E130	294
0x0056E300	18
0x0056E420	87
0x0056E480	118
0x0056E500	93
0x0056E7B0	458
0x0056E980	49
0x0056E9C0	30
0x0056EA30	220
0x0056EF70	418
0x0056F120	742
0x0056F410	2038
0x0056FC10	6657
0x00571620	246
0x00571720	446
0x005718E0	140
0x00571980	1741
0x00572070	214
0x00572170	51
0x005721B0	230
0x00572D90	474
0x00572F70	323
0x005730C0	301
0x005731F0	2512
0x00573BE0	288
0x00573D10	295
0x00573E40	436
0x00574000	549
0x00574230	104
0x005742A0	762
0x005745B0	301
0x005746E0	538
0x00574900	74
0x00574950	79
0x005749A0	353
0x00574B10	685
0x00574DD0	907
0x00575160	48
0x00575190	37
0x005751C0	90
0x00575220	69
0x00575270	221
0x00575350	221
0x00575430	451
0x00575600	266
0x00575710	117
0x00575910	786
0x00575C30	692
0x00575F40	6
0x00575F50	367
0x005760D0	404
0x00576270	431
0x00576430	469
0x00576610	103
0x00576680	454
0x00576850	82
0x005768B0	3076
0x005774C0	2329
0x00577DE0	244
0x00577EE0	217
0x00577FC0	435
0x00578180	257
0x00578290	134
0x00578320	94
0x00578380	208
0x00578450	115
0x005784D0	82
0x00578530	155
0x005785D0	155
0x00578670	210
0x00578750	216
0x00578830	28
0x00578850	25
0x00578870	291
0x005789A0	206
0x00578A80	262
0x00578B90	1406
0x00579110	739
0x00579400	84
0x00579460	180
0x00579520	250
0x00579680	162
0x00579750	412
0x00579A70	12
0x00579A80	9
0x00579BB0	232
0x00579CE0	229
0x00579F30	214
0x0057A010	222
0x0057A1D0	210
0x0057A2B0	210
0x0057A470	218
0x0057A550	217
0x0057A870	80
0x0057A8C0	485
0x0057ABB0	81
0x0057AC10	62
0x0057AC60	115
0x0057B510	696
0x0057B9B0	1096
0x0057E9F0	1998
0x0057F4D0	97
0x0057FB80	187
0x0057FC40	144
0x0057FCE0	141
0x0057FE10	108
0x0057FE80	206
0x005808C0	30
0x00580980	102
0x005809F0	1171
0x00581490	1153
0x00581F30	785
0x00582780	804
0x00582FA0	1545
0x00584110	869
0x005849E0	1322
0x005856F0	70
0x00585740	70
0x00585790	426
0x005859C0	445
0x00585C00	1109
0x00586740	447
0x00586C60	1000
0x005872B0	2393
0x00588150	1213
0x0058A5E0	679
0x0058AE30	646
0x0058B2D0	90
0x0058B330	616
0x0058B8D0	441
0x0058BA90	505
0x0058BD90	578
0x0058C430	241
0x0058C530	175
0x0058CA00	555
0x0058CD50	397
0x0058CEE0	1052
0x0058EDB0	475
0x0058F000	264
0x0058F290	51
0x0058F330	96
0x0058F3A0	163
0x0058F450	59
0x0058F490	59
0x0058F690	288
0x0058F7C0	68
0x0058F810	94
0x0058F890	137
0x0058F920	172
0x0058F9D0	172
0x0058FA80	263
0x0058FB90	105
0x0058FC00	129
0x0058FC90	37
0x0058FCC0	15
0x0058FCD0	49
0x0058FD10	372
0x0058FE90	44
0x0058FEC0	486
0x00590130	171
0x005901E0	158
0x005904B0	967
0x00590960	283
0x00590A80	717
0x00591160	77
0x00592D80	291
0x00592F00	595
0x005933F0	1837
0x00593BE0	2441
0x005945A0	7817
0x00597BA0	389
0x00598110	229
0x00599120	411
0x0059E6C0	450
0x0059EFB0	454
0x0059F490	417
0x0059FCF0	69
0x005A0150	69
0x005A04E0	553
0x005A0AD0	66
0x005A0C50	273
0x005A14F0	460
0x005A16C0	545
0x005A1EA0	475
0x005A2260	44
0x005A2290	38
0x005A2650	450
0x005A2A50	745
0x005A2E30	1460
0x005A37B0	972
0x005A3EF0	405
0x005A40A0	296
0x005A41D0	25
0x005A41F0	1396
0x005A4790	34
0x005A47C0	995
0x005A4BF0	23
0x005A4C10	23
0x005A4C30	12
0x005A4C70	267
0x005A4D80	222
0x005A4E60	222
0x005A4F40	222
0x005A5020	1098
0x005A5490	333
0x005A5AD0	693
0x005A5E40	876
0x005A6290	525
0x005A6A60	1008
0x005A75E0	550
0x005A7840	490
0x005A7C20	710
0x005A7EF0	220
0x005A8680	2391
0x005AA260	586
0x005AA4B0	734
0x005AAA00	722
0x005AADE0	729
0x005AB580	856
0x005AB910	2542
0x005AC310	1647
0x005AC990	1802
0x005ADF00	860
0x005AE870	254
0x005AED90	6
0x005AEEE0	314
0x005AF280	181
0x005AF3C0	105
0x005AF440	109
0x005AF4B0	110
0x005AF520	93
0x005AF5D0	71
0x005AF620	96
0x005AF690	68
0x005AF6E0	100
0x005AF7F0	155
0x005AF8B0	21
0x005AF8D0	384
0x005AFA80	509
0x005AFC90	59
0x005AFCD0	275
0x005AFDF0	40
0x005AFE20	40
0x005AFE50	61
0x005AFE90	42
0x005AFEC0	88
0x005AFF20	151
0x005AFFC0	301
0x005B0110	32
0x005B0130	10
0x005B0140	112
0x005B01B0	58
0x005B01F0	34
0x005B0220	166
0x005B02D0	262
0x005B03E0	175
0x005B048F	115
0x005B0502	20
0x005B0516	17
0x005B0530	212
0x005B0610	92
0x005B0670	120
0x005B06F0	456
0x005B08D0	619
0x005B0B40	122
0x005B0F60	10
0x005B0F70	5
0x005B12C0	104
0x005B1330	20
0x005B1350	44
0x005B1B40	5
0x005B2110	135
0x005B2220	5
0x005B2240	5
0x005B2990	23
0x005B2AF0	128
0x005B2BD0	25
0x005B2F90	61
0x005B2FD0	1266
0x005B34D0	328
0x005B3840	76
0x005B3890	198
0x005B3AB8	19
0x005B3B30	145
0x005B3BD0	302
0x005B3D60	135
0x005B3E10	67
0x005B3E60	76
0x005B3EB0	77
0x005B3F00	2008
0x005B46E0	170
0x005B5703	27
0x005B5740	23
0x005B5757	19
0x005B5810	23
0x005B5900	55
0x005B5B60	741
0x005B6170	969
0x005B6540	550
0x005B6770	105
0x005B67E0	81
0x005B6880	158
0x005B6930	51
0x005B69A1	37
0x005B6DE0	17
0x005B6E00	29
0x005B6E20	62
0x005B75C0	222
0x005B76E0	243
0x005B7AB0	31
0x005B8200	2318
0x005B8B10	164
0x005B8BC0	35
0x005B8EF0	148
0x005B9080	2828
0x005BC910	305
0x005BCA50	709
0x005BCD30	1097
0x005BD320	334
0x005BD980	440
0x005BDB40	187
0x005BDC00	341
0x005BDD60	383
0x005BDEF0	1867
0x005BE650	190
0x005BE710	20
0x005BE730	100
0x005BE7E0	165
0x005BF520	99
0x005BF5E0	75
0x005C0250	64
0x005C0420	859
0x005C07F0	383
0x005C0970	2396
0x005C1520	62
0x005C1560	67
0x005C15B0	31
0x005C15D0	31
0x005C15F0	313
0x005C1730	33
0x005C1760	272
0x005C1880	303
0x005C19C0	28
0x005C19E0	92
0x005C1A40	28
0x005C1A60	37
0x005C1A90	85
0x005C1AF0	78
0x005C1B40	1352
0x005C20A0	213
0x005C2180	700
0x005C2440	1553
0x005C3090	4968
0x005C4400	237
0x005C4500	34
0x005C4530	7
0x005C4540	41
0x005C4570	74
0x005C45C0	27
0x005C45E0	421
0x005C4890	361
0x005C4A00	704
0x005C4CC0	6
0x005C4CD0	6
0x005C4CE0	6
0x005C4CF0	6
0x005C4D00	6
0x005C4D10	6
0x005C4D20	6
0x005C4D30	6
0x005C4D40	6
0x005C4D50	6
0x005C4D60	6
0x005C4D70	6
0x005C4D80	6
0x005C4D90	6
0x005C4DA0	6
0x005C4DB0	6
0x005C4DC0	6
0x005C4DD0	6
0x005C4DE0	6
0x005C4DF0	6
0x005C4E00	6
0x005C4E20	6
0x005C4E30	6
0x005C4E40	6
0x005C4E50	6
0x005C4E60	6
0x005C4E70	6
0x005C4E80	6
0x005C4E90	6
0x005C4EA0	6
0x005C4EB0	6
0x005C4EC0	6
0x005C4ED0	6
0x005C4EE0	6
0x005C4EF0	6
0x005C4F00	6
0x005C4F10	6
0x005C4F20	6
0x005C4F30	6
0x005C4F40	6
0x005C4F50	6
0x005C4F60	6
0x005C4F70	6
0x005C4F80	6
0x005C4F90	6
0x005C4FA0	6
0x005C4FB0	6
0x005C4FC0	6
0x005C4FD0	6
0x005C4FE0	6
0x005C4FF0	6
0x005C5000	6
0x005C5010	6
0x005C5020	6
0x005C5030	6
0x005C5040	6
0x005C5050	6
0x005C5060	6
0x005C5070	6
0x005C5080	6
0x005C5090	6
0x005C50A0	6
0x005C50B0	6
0x005C50C0	6
0x005C50D0	6
0x005C50E0	6
0x005C50F0	6
0x005C5100	6
0x005C5110	6
0x005C5120	6
0x005C5130	6
0x005C5150	6
0x005C5160	6
0x005C5170	6
0x005C5180	6
0x005C5190	755
0x005C5483	1259
0x005C596E	625
0x005C5BDF	82
0x005C5C31	40
0x005C5C59	37
0x005C5C7E	601
0x005C5ED7	28
0x005C5EF3	245
0x005C5FE8	332
0x005C6134	61
0x005C6171	106
0x005C61DB	961
0x005C659C	45
0x005C65C9	350
0x005C6727	254
0x005C6825	464
0x005C69F5	616
0x005C6CAC	974
0x005C707A	32
0x005C709A	32
0x005C70BA	32
0x005C70DA	119
0x005C7151	60
0x005C718D	17
0x005C719E	31
0x005C71BD	335
0x005C7310	20
0x005C7324	32
0x005C7344	42
0x005C736E	35
0x005C7391	43
0x005C73BC	54
0x005C73F2	132
0x005C7476	40
0x005C749E	23
0x005C74B5	23
0x005C74CC	20
0x005C74E0	237
0x005C75CD	101
0x005C7632	123
0x005C76AD	1192
0x005C7B55	448
0x005C7D15	32
0x005C7D35	11
0x005C7D40	60
0x005C7D7C	753
0x005C806D	564
0x005C82A1	211
0x005C8374	131
0x005C83F7	260
0x005C84FB	793
0x005C8814	61
0x005C8851	623
0x005C8AC0	88
0x005C8B18	60
0x005C8B54	220
0x005C8C30	60
0x005C8C6C	43
0x005C8C97	363
0x005C8E02	315
0x005C8F3D	56
0x005C8F75	826
0x005C92AF	73
0x005C92F8	208
0x005C93C8	423
0x005C956F	454
0x005C9735	72
0x005C977D	49
0x005C97AE	58
0x005C97E8	392
0x005C9970	29
0x005C998D	99
0x005C99F0	121
0x005C9A69	34
0x005C9A8B	135
0x005C9B12	38
0x005C9B38	29
0x005C9B60	70
0x005C9BA6	143
0x005C9C35	50
0x005C9C67	150
0x005C9CFD	25
0x005C9D16	38
0x005C9D3C	130
0x005C9DBE	92
0x005C9E1A	93
0x005C9E77	25
0x005C9E90	84
0x005C9EE4	101
0x005C9F49	1609
0x005CA592	110
0x005CA600	11
0x005CA60B	14
0x005CA619	260
0x005CA71D	10
0x005CA727	10
0x005CA731	10
0x005CA73B	10
0x005CA745	158
0x005CA7E3	26
0x005CA7FD	10
0x005CA807	48
0x005CA837	10
0x005CA850	26
0x005CA86A	205
0x005CA937	26
0x005CA951	86
0x005CA9A7	138
0x005CAA31	55
0x005CAA68	76
0x005CAAB4	36
0x005CAAD8	66
0x005CAB1A	61
0x005CAB57	61
0x005CAB94	41
0x005CABBD	14
0x005CABD0	61
0x005CAC0D	60
0x005CAC49	40
0x005CAC71	37
0x005CAC96	134
0x005CAD20	53
0x005CAD55	75
0x005CADA0	25
0x005CADB9	62
0x005CADF7	95
0x005CAE56	60
0x005CAE92	49
0x005CAEC3	124
0x005CAF3F	1111
0x005CB396	303
0x005CB4C5	1195
0x005CB970	296
0x005CBA98	420
0x005CBC3C	43
0x005CBC67	95
0x005CBCC6	45
0x005CBCF3	61
0x005CBD30	259
0x005CBE33	509
0x005CC030	339
0x005CC183	1060
0x005CC5A7	424
0x005CC74F	395
0x005CC8DA	400
0x005CCA6A	161
0x005CCB0B	657
0x005CCD9C	214
0x005CCE72	304
0x005CCFA2	94
0x005CD000	497
0x005CD1F1	230
0x005CD2D7	94
0x005CD335	176
0x005CD3E5	753
0x005CD6D6	886
0x005CDA4C	911
0x005CDDDB	5014
0x005CF171	335
0x005CF2C0	515
0x005CF4C3	636
0x005CF73F	1036
0x005CFB4B	695
0x005CFE02	671
0x005D00A1	462
0x005D0270	233
0x005D0359	133
0x005D03DE	282
0x005D04F8	47
0x005D0527	47
0x005D0556	197
0x005D061B	186
0x005D06D5	32
0x005D06F5	11
0x005D0700	31
0x005D0720	147
0x005D09C0	299
0x005D2C30	278
0x005D2FC0	3586
0x005D3EF0	375
0x005D4070	1240
0x005D4550	36
0x005D5B70	633
0x005D5F70	1134
0x005D6950	623
0x005D6CA0	21
0x005D6CC0	20
0x005D6CE0	213
0x005D7CC0	1046
0x005D86C0	406
0x005D91F0	192
0x005D92C0	158
0x005D9440	6
0x005D9450	6
0x005D9460	6
0x005D9470	6
0x005D94A0	6
0x005D94B0	6
0x005D94C0	6
0x005D94D0	6
0x005D94E0	6
0x005D94F0	6
0x005D9500	6
0x005D9510	6
0x005D9520	6
0x005D9530	6
0x005D9540	6
0x005D9550	6
0x005D9560	359
0x005D9930	888
0x005DA420	1006
0x005DA850	377
0x005DA9D0	458
0x005DAD30	120
0x005DB120	134
0x005DB1B0	1370
0x005DBB40	3323
0x005DC840	1330
0x005DD290	55
0x005DD930	642
0x005DDF00	682
0x005DE1E0	31
0x005DE200	31
0x005DE220	682
0x005DE500	31
0x005DE520	145
0x005DE5C0	160
0x005DE670	153
0x005DE710	246
0x005DE810	763
0x005DEB10	1091
0x005DEFE0	292
0x005DF4B0	1556
0x005DFAE0	126
0x005DFB60	174
0x005DFC20	1838
0x005E0360	115
0x005E03E0	50
0x005E0420	578
0x005E0670	48
0x005E06A0	515
0x005E08B0	235
0x005E09A0	110
0x005E0A10	49
0x005E0A50	17
0x005E0A70	20
0x005E0D30	213
0x005E0E10	139
0x005E0EA0	24
0x005E0EC0	43
0x005E0EF0	466
0x005E10D0	153
0x005E1170	1759
0x005E1860	287
0x005E1980	151
0x005E2070	42
0x005E20B0	15
0x005E20C0	300
0x005E2200	487
0x005E23F0	114
0x005E2470	1156
0x005E2900	600
0x005E2B60	266
0x005E2C70	128
0x005E2CF0	51
0x005E2D30	36
0x005E2DA0	46
0x005E2DE0	3330
0x005E3AF0	1760
0x005E41E0	299
0x005E4320	303
0x005E4460	1321
0x005E5030	77
0x005E5DC0	451
0x005E7020	433
0x005E86B0	527
0x005E88C0	73
0x005E8A40	20
0x005E9080	756
0x005E9380	2511
0x005E9D50	73
0x005E9DA0	968
0x005EA170	805
0x005EA4B0	19
0x005EA5E0	488
0x005EA7D0	137
0x005EA860	1124
0x005EACD0	90
0x005EAD30	176
0x005EADF0	430
0x005EAFD0	1502
0x005EB600	760
0x005EB900	767
0x005EBC10	72
0x005EBC60	477
0x005EC830	628
0x005ECAB0	46
0x005ECC80	561
0x005ED8B0	1022
0x005EDCC0	46
0x005EDED0	441
0x005EE090	565
0x005EE960	572
0x005EF170	472
0x005EF350	43
0x005EF4F0	57
0x005EF660	555
0x005EF890	46
0x005F13F0	2041
0x005F2120	381
0x005F22B0	53
0x005F24F0	204
0x005F2880	18
0x005F28A0	21
0x005F28C0	21
0x005F28E0	21
0x005F2900	273
0x005F2A20	45
0x005F2A50	45
0x005F2AC0	23
0x005F2AE0	84
0x005F2B18	14
0x005F2B50	144
0x005F2BF0	39
0x005F2C20	89
0x005F2C80	123
0x005F2D00	196
0x005F3030	751
0x005F3400	35
0x005F3430	53
0x005F34A0	14
0x005F34B0	168
0x005F3560	46
0x005F3590	416
0x005F3740	88
0x005F37A0	856
0x005F3B00	65
0x005F3B50	145
0x005F3BF0	45
0x005F3C20	291
0x005F3D50	53
0x005F3D90	53
0x005F3E00	54
0x005F3F40	33
0x005F3F61	30
0x005F3F80	326
0x005F42B0	309
0x005F4420	9
0x005F4430	41
0x005F4470	175
0x005F4520	187
0x005F4640	55
0x005F46D0	311
0x005F49E0	37
0x005F4A20	6
0x005F4A60	6
0x005F4A70	6
0x005F4A80	6
0x005F4A90	6
0x005F4AA0	6
0x005F4AB0	6
0x005F4AC0	6
0x005F4AD0	6
0x005F4AE0	6
0x005F4AF0	6
0x005F4B00	6
0x005F4B10	6
0x005F4B20	6
0x005F4B30	6
0x005F4B40	6
0x005F4B50	6
0x005F4B60	6
0x005F4B70	6
0x005F4B80	6
0x005F4B90	6
0x005F4BA0	6
0x005F4BB0	6
0x005F4BC0	6
0x005F4BD0	6
0x005F4BE0	6
0x005F4BF0	6
0x005F4C00	6
0x005F4C10	6
0x005F4C20	6
0x005F4C30	6
0x005F4C40	6
0x005F4C50	6
0x005F4C60	6
0x005F4C70	6
0x005F4C80	6
0x005F4C90	6
0x005F4CA0	6
0x005F4CB0	6
0x005F4CC0	100
0x005F4D30	54
0x005F4D70	83
0x005F4DD0	197
0x005F4EA0	216
0x005F4F80	105
0x005F4FF0	80
0x005F5040	95
0x005F50A0	1332
0x005F55E0	381
0x005F5760	15
0x005F5770	14
0x005F5780	14
0x005F5790	26
0x005F58C0	51
0x005F6540	245
0x005F6640	125
0x005F6740	139
0x005F6830	72
0x005F6880	177
0x005F6E50	38
0x005F6EB0	38
0x005F6F10	208
0x005F74B0	238
0x005F7640	238
0x005F77D0	238
0x005F7C80	238
0x005F7E10	192
0x005F7F10	100
0x005F8080	13
0x005F80C0	23
0x005F8110	25
0x005F8130	28
0x005F8150	10
0x005F8160	14
0x005F81A0	536
0x005F8450	186
0x005F8560	139
0x005F8ED0	46
0x005F8F00	639
0x005F9910	18
0x005F9930	9
0x005F9940	97
0x005F9AA0	152
0x005F9B38	53
0x005F9B70	1039
0x005FA6E0	28
0x005FA700	95
0x005FA770	69
0x005FA7E0	18
0x005FA800	20
0x005FA820	114
0x005FA8A0	86
0x005FA900	13
0x005FA910	10
0x005FA920	106
0x005FA990	6
0x005FA9B0	71
0x005FAA00	35
0x005FAA30	101
0x005FAAA0	90
0x005FAB00	17
0x005FAB20	108
0x005FAB90	7
0x005FABA0	213
0x005FACB0	119
0x005FAD30	25
0x005FAD50	109
0x005FAE40	27
0x005FAE60	18
0x005FAE80	72
0x005FAED0	104
0x005FAF40	80
0x005FAF90	2120
0x005FB870	60
0x005FB8B0	51
0x005FB910	205
0x005FC4F0	345
0x005FC650	524
0x005FC860	21
0x005FC880	33
0x005FC8B0	26
0x005FCD50	21
0x005FCD70	337
0x005FCEF0	210
0x005FD000	14
0x005FD0C0	69
0x005FD120	19
0x005FD140	13
0x005FD150	50
0x005FD1B0	61
0x005FD220	150
0x005FD2F0	304
0x005FD460	29
0x005FD480	13
0x005FD6A0	162
0x005FD830	156
0x005FDAB0	5
0x005FDAC0	128
0x005FDB40	173
0x005FDBF0	71
0x005FDC40	59
0x005FDD10	11
0x005FDF30	167
0x005FE030	110
0x005FE0D0	110
0x005FE490	167
0x005FE590	110
0x005FE630	110
0x005FE6A0	48
0x005FE6D0	34
0x005FE730	34
0x005FE850	11
0x005FEB60	110
0x005FECE0	193
0x005FEDB0	173
0x005FEE70	175
0x005FEF30	51
0x005FEF70	14
0x005FEF80	7
0x005FEF90	26
0x005FF1D0	130
0x005FF410	126
0x005FF4D0	126
0x005FF590	5
0x005FF5A0	21
0x005FF5F0	268
0x005FF700	268
0x005FF810	138
0x005FFA60	138
0x005FFCB0	250
0x005FFDB0	138
0x00600000	38
0x00600030	38
0x00600060	139
0x00600100	41
0x00600130	27
0x00600150	29
0x00600170	107
0x006001E0	828
0x00600530	123
0x006005B0	579
0x00600800	81
0x00600860	135
0x006008F0	152
0x00600990	102
0x00600A30	20
0x00600A50	14
0x00600A60	17
0x00600A80	13
0x00600A90	7
0x00600AB0	7
0x00600AC0	7
0x00600AD0	116
0x00600B50	351
0x00600CC0	198
0x00600EB0	308
0x00600FF0	269
0x00601110	29
0x00601200	259
0x00601310	437
0x006014D0	319
0x00601610	476
0x006017F0	45
0x00601840	111
0x006018B0	46
0x00601910	41
0x00601940	42
0x00601970	38
0x006019A0	68
0x006019F0	56
0x00601A30	6
0x00601A40	6
0x00601A50	6
0x00601A60	6
0x00601A70	6
0x00601A80	6
0x00601A90	6
0x00601AA0	6
0x00601AB0	6
0x00601AC0	6
0x00601AD0	6
0x00601AE0	6
0x00601AF0	6
0x00601B00	6
0x00601B10	6
0x00601B20	6
0x00601B30	32
0x00601C50	6
0x00601C60	6
0x00601C70	6
0x00601C80	6
0x00601C90	6
0x00601CA0	6
0x00601CB0	6
0x00601CC0	6
0x00601CD0	6
0x00601CE0	6
0x00601CF0	6
0x00601D00	6
0x00601D10	6
0x00601D20	6
0x00601D30	6
0x00601D40	6
0x00601D50	6
0x00601D60	6
0x00601D70	6
0x00601D80	6
0x00601D90	6
0x00601DA0	6
0x00601DB0	6
0x00601DC0	6
0x00601DD0	6
0x00601DE0	6
0x00601DF0	6
0x00601E00	6
0x00601E10	6
0x00601E20	6
0x00601E30	6
0x00601E40	6
0x00601E50	6
0x00601E60	6
0x00601E70	6
0x00601E80	6
0x00601E90	6
0x00601EA0	6
0x00601EB0	6
0x00601EC0	6
0x00601ED0	6
0x00601EE0	6
0x00601F00	6
0x00601F10	6
0x00601F20	6
0x00601F30	6
0x00601F40	6
0x00601F50	6
0x00601F60	6
0x00601F70	6
0x00601F80	6
0x00601F90	6
0x00601FA0	6
0x00601FB0	6
0x00601FC0	6
0x00601FD0	6
0x00601FE0	6
0x00601FF0	6
0x00602000	6
0x00602010	6
0x00602020	6
0x00602030	6
0x00602050	6
0x00602060	6
0x00602070	6
0x00602080	6
0x00602090	6
0x006020A0	6
0x006020B0	6
0x006020C0	6
0x006020D0	6
0x006020E0	6
0x006020F0	6
0x00602100	6
0x00602110	6
0x00602120	6
0x00602130	6
0x00602140	6
0x00602150	6
0x00602160	6
0x00602170	6
0x00602180	6
0x00602190	6
0x006021B0	6
0x006021C0	6
0x006021D0	6
0x006021E0	6
0x006021F0	6
0x00602200	6
0x00602210	6
0x00602220	6
0x00602230	6
0x00602240	6
0x00602250	6
0x00602260	6
0x00602270	6
0x00602280	6
0x00602290	6
0x006022A0	6
0x006022B0	6
0x006022C0	6
0x006022D0	6
0x006022E0	6
0x006022F0	6
0x00602300	6
0x00602310	6
0x00602320	6
0x00602330	6
0x00602340	6
0x00602350	6
0x00602360	6
0x00602370	6
0x00602380	6
0x00602390	6
0x006023A0	6
0x006023B0	6
0x006023C0	6
0x006023D0	6
0x006023E0	6
0x006023F0	6
0x00602400	6
0x00602410	6
0x00602420	6
0x00602430	6
0x00602440	6
0x00602450	6
0x00602460	6
0x00602470	6
0x00602480	6
0x00602490	6
0x006024A0	6
0x006024B0	6
0x006024C0	6
0x006024D0	6
0x006024E0	6
0x006024F0	6
0x00602500	6
0x00602510	6
0x00602520	6
0x00602530	6
0x00602540	6
0x00602550	6
0x00602560	6
0x00602570	6
0x00602580	6
0x00602590	6
0x006025B0	6
0x006025C0	6
0x006025D0	6
0x006025E0	6
0x006025F0	6
0x00602600	6
0x00602610	6
0x00602620	6
0x00602630	7
0x00602650	9
0x00602660	2052
0x00603D10	1811
0x00604440	1412
0x0061BDB0	1763
0x006373A0	1379
0x00658240	1632
0x0067ADC0	2000
0x0067B5B0	1771
0x0067BEC0	2259
0x0067D650	972
0x0067DA30	940
0x0067DDE0	988
0x0067E500	43
0x0067E8C0	278
0x0067FA10	1747
0x006809B0	1699
0x00681410	544
0x00681DB0	1451
0x00684F70	196
0x006851B0	1368
0x00685BD0	1356
0x00686D40	1032
0x00687180	1032
0x00687AA0	600
0x006881F0	403
0x00688390	447
0x00688550	447
0x00688730	338
0x00689470	985
0x00689860	972
0x00689C50	973
0x0068A040	1071
0x0068A490	1070
0x0068A8E0	1071
0x0068B020	629
0x0068EEF0	704
0x0068F4C0	2924
0x00690060	1498
0x00691870	629
0x00691C90	200
0x00691D60	1137
0x00692750	5151
0x00694E80	2282
0x006961C0	4100
0x006987B0	1050
0x0069A300	3258
0x0069E4D0	13
0x0069E4E0	92
0x0069E590	13
0x0069F8F0	613
0x0069FE40	635
0x006A00C0	1071
0x006A0E50	1204
0x006A1320	39
0x006A13A0	49
0x006A13E0	53
0x006A1420	85
0x006A1650	41
0x006AA9E0	132
0x006AB720	4681
0x006B40F0	1806
0x006B6D30	4024
0x006B8A80	1
0x006B8D20	49
0x006B9720	90
0x006B9780	94
0x006BB630	18
0x006BB650	18
0x006BB670	240
0x006BB810	240
0x006BB9B0	30
0x006BB9D0	240
0x006BBB70	240
0x006BBD10	30
0x006BBD30	150
0x006BBE00	140
0x006BBEC0	140
0x006BBF80	11
0x006BBF90	18
0x006BBFB0	30
0x006BBFD0	70
0x006BC020	29
0x006BC096	62
0x006BC0E0	43
0x006BC110	78
0x006BC170	72
0x006BC1C0	39
0x006BC1F0	94
0x006BC250	94
0x006BC2B0	40
0x006BC2E0	29
0x006BC300	105
0x006BC380	23
0x006BC3A0	23
0x006BC430	45
0x006BC460	11
0x006BC470	15
0x006BC480	15
0x006BC490	39
0x006BC4C0	123
0x006BC540	30
0x006BC560	16
0x006BC5A0	85
0x006BC600	30
0x006BC620	16
0x006BC640	39
0x006BC670	107
0x006BC6E0	30
0x006BC700	53
0x006BC740	39
0x006BC770	72
0x006BC7C0	30
0x006BC7E0	41
0x006BC810	54
0x006BC850	15
0x006BC860	14
0x006BC870	21
0x006BC890	92
0x006BC8F0	10
0x006BC900	39
0x006BC930	92
0x006BC990	30
0x006BC9B0	72
0x006BCA00	17
0x006BCA20	13
0x006BCA30	10
0x006BCA40	10
0x006BCA50	23
0x006BCA70	39
0x006BCAA0	114
0x006BCB20	30
0x006BCB40	51
0x006BCB80	13
0x006BCB90	13
0x006BCBA0	22
0x006BCBC0	49
0x006BCBF1	40
0x006BCC20	10
0x006BCC30	15
0x006BCC40	95
0x006BCCA0	88
0x006BCD00	142
0x006BCDA0	124
0x006BCE20	135
0x006BCEB0	209
0x006BCF90	47
0x006BCFD0	27
0x006BCFF0	16
0x006BD010	10
0x006BD020	15
0x006BD030	17
0x006BD050	17
0x006BD070	29
0x006BD090	112
0x006BD120	14
0x006BD130	20
0x006BD150	14
0x006BD160	14
0x006BD170	29
0x006BD190	29
0x006BD1B0	20
0x006BD1D0	112
0x006BD260	14
0x006BD270	15
0x006BD280	112
0x006BD310	112
0x006BD3A0	15
0x006BD3B0	29
0x006BD3D0	17
0x006BD3F0	17
0x006BD410	29
0x006BD430	112
0x006BD4C0	14
0x006BD4D0	20
0x006BD4F0	14
0x006BD500	14
0x006BD510	29
0x006BD530	29
0x006BD550	20
0x006BD570	112
0x006BD600	14
0x006BD610	15
0x006BD620	112
0x006BD6B0	112
0x006BD740	15
0x006BD750	29
0x006BD770	5
0x006BD780	25
0x006BD7A0	25
0x006BD7C0	55
0x006BD800	25
0x006BD820	121
0x006BD8A0	55
0x006BD8E0	25
0x006BD900	100
0x006BD970	310
0x006BDB50	106
0x006BDC00	11
0x006BDC10	11
0x006BDC20	11
0x006BDC30	11
0x006BDC40	11
0x006BDC50	11
0x006BDC60	11
0x006BDC70	11
0x006BDC80	32
0x006BDCA0	223
0x006BDDA0	218
0x006BDEA0	11
0x006BDEB0	218
0x006BDFB0	11
0x006BDFC0	218
0x006BE0C0	11
0x006BE0D0	161
0x006BE180	30
0x006BE1A0	9
0x006BE1B0	30
0x006BE1D0	9
0x006BE1E0	642
0x006BE4D0	465
0x006BE700	14
0x006BE710	14
0x006BE750	35
0x006BE780	3060
0x006BF3B0	3121
0x006C0020	3060
0x006C0C50	3066
0x006C1890	3446
0x006C2650	3401
0x006C33E0	3725
0x006C42D0	44
0x006C4300	44
0x006C4330	44
0x006C4360	44
0x006C4390	44
0x006C43C0	44
0x006C43F0	44
0x006C4420	44
0x006C4450	44
0x006C4480	44
0x006C44B0	119
0x006C4530	841
0x006C4880	238
0x006C49A0	238
0x006C4AC0	238
0x006C4BE0	44
0x006C4C10	44
0x006C4C40	44
0x006C4C70	44
0x006C4CA0	44
0x006C4CD0	44
0x006C4D00	133
0x006C4D90	339
0x006C4EF0	313
0x006C5030	354
0x006C51A0	316
0x006C52E0	123
0x006C5360	820
0x006C56A0	831
0x006C59E0	38
0x006C5A40	42
0x006C5A70	45
0x006C5AA0	38
0x006C5AD0	38
0x006C5B00	42
0x006C5B30	42
0x006C5B60	49
0x006C5BA0	93
0x006C5C00	291
0x006C5D30	43
0x006C5D60	49
0x006C5DA0	38
0x006C5DD0	38
0x006C5E00	42
0x006C5E30	42
0x006C5E60	10
0x006C5E70	25
0x006C5E90	45
0x006C5EC0	14
0x006C5ED0	14
0x006C5EE0	14
0x006C5F00	5
0x006C5F10	112
0x006C5FA0	112
0x006C6030	112
0x006C60C0	20
0x006C60E0	20
0x006C6100	15
0x006C6110	15
0x006C6120	29
0x006C6140	29
0x006C6160	29
0x006C6180	14
0x006C6190	343
0x006C6300	343
0x006C6470	750
0x006C6770	44
0x006C67B0	44
0x006C67E0	582
0x006C6A30	1141
0x006C6EB0	1291
0x006C73C0	1250
0x006C78B0	3406
0x006C8610	44
0x006C8640	44
0x006C8670	44
0x006C86A0	461
0x006C8870	47
0x006C88A0	504
0x006C8AA0	11
0x006C8AB0	20
0x006C8AD0	20
0x006C8AF0	11
0x006C8B00	20
0x006C8B20	53
0x006C8B60	21
0x006C8B80	11
0x006C8B90	181
0x006C8C50	122
0x006C8CD0	11
0x006C8D00	25
0x006C8D20	5351
0x006CA360	5351
0x006CB9A0	51
0x006CB9E0	51
0x006CBA20	410
0x006CBC00	342
0x006CBD90	44
0x006CBDC0	52
0x006CBE00	89
0x006CBE60	711
0x006CC190	2983
0x006CCE40	2983
0x006CDAF0	255
0x006CDC60	151
0x006CDD00	176
0x006CDE00	69
0x006CDE50	190
0x006CDF10	180
0x006CDFD0	171
0x006CE080	52
0x006CE0C0	530
0x006CE350	48
0x006CE380	606
0x006CE660	343
0x006CE830	346
0x006CEA00	297
0x006CEBB0	239
0x006CED20	271
0x006CEEB0	362
0x006CF0A0	305
0x006CF250	204
0x006CF3A0	298
0x006CF550	345
0x006CF720	384
0x006CF8B0	384
0x006CFA40	52
0x006CFA80	850
0x006CFE50	317
0x006D0010	365
0x006D0200	197
0x006D0300	99
0x006D0370	143
0x006D0420	33
0x006D0450	54
0x006D0490	43
0x006D04C0	33
0x006D04F0	9
0x006D0500	29
0x006D0520	29
0x006D0540	277
0x006D06D0	331
0x006D08A0	331
0x006D0A70	331
0x006D0C40	331
0x006D0E10	331
0x006D0FE0	368
0x006D11D0	331
0x006D13A0	331
0x006D1570	331
0x006D1740	369
0x006D1930	331
0x006D1B00	331
0x006D1CD0	331
0x006D1EA0	362
0x006D2100	226
0x006D2260	362
0x006D2450	305
0x006D2600	204
0x006D2750	296
0x006D2970	100
0x006D29E0	100
0x006D2A50	103
0x006D2AC0	103
0x006D2B30	80
0x006D2B90	190
0x006D2C90	92
0x006D2CF0	136
0x006D2D90	26
0x006D2DB0	47
0x006D2DE0	36
0x006D2E10	26
0x006D2E30	9
0x006D2E40	29
0x006D2E60	29
0x006D2E80	451
0x006D3390	462
0x006D3660	459
0x006D3920	459
0x006D3BE0	23
0x006D3C00	55
0x006D3C40	9
0x006D3C50	670
0x006D3FF0	451
0x006D42F0	20
0x006D4310	682
0x006D46C0	459
0x006D4980	13
0x006D4990	13
0x006D49A0	59
0x006D49E0	88
0x006D4A40	89
0x006D4AA0	104
0x006D4B10	136
0x006D4BB0	30
0x006D4BD0	30
0x006D4BF0	30
0x006D4C10	30
0x006D4CE0	101
0x006D4D50	87
0x006D4DB0	51
0x006D4DF0	30
0x006D4E10	63
0x006D4E50	132
0x006D4F20	15
0x006D4F30	15
0x006D4F40	189
0x006D5030	102
0x006D50A0	298
0x006D51F0	38
0x006D5216	27
0x006D5240	189
0x006D5300	22
0x006D5316	19
0x006D5330	26
0x006D5350	47
0x006D5380	53
0x006D53C0	74
0x006D5410	35
0x006D5440	146
0x006D54E0	173
0x006D55A0	219
0x006D5680	154
0x006D5720	35
0x006D5750	211
0x006D5830	274
0x006D5990	112
0x006D5B30	153
0x006D5BE0	39
0x006D5C10	303
0x006D5D50	33
0x006D5D80	130
0x006D5E10	189
0x006D5ED0	75
0x006D5F20	23
0x006D5F40	218
0x006D6030	13
0x006D6040	26
0x006D6060	46
0x006D6090	62
0x006D60D0	46
0x006D6100	35
0x006D6130	45
0x006D6160	46
0x006D6190	46
0x006D61C0	178
0x006D6280	42
0x006D62B0	867
0x006D66B0	35
0x006D66E0	148
0x006D6780	215
0x006D6860	283
0x006D69A0	435
0x006D6B70	106
0x006D6BE0	59
0x006D6C20	40
0x006D6C50	29
0x006D6C70	173
0x006D6D20	96
0x006D6D80	199
0x006D6E70	98
0x006D6EE0	34
0x006D6F10	17
0x006D6F30	36
0x006D6F60	36
0x006D6F90	46
0x006D6FC0	59
0x006D7000	40
0x006D7030	29
0x006D7050	207
0x006D7160	199
0x006D7250	98
0x006D72C0	34
0x006D72F0	17
0x006D7310	36
0x006D7340	36
0x006D7370	36
0x006D73A0	143
0x006D7450	143
0x006D7500	43
0x006D7530	27
0x006D7550	45
0x006D7580	51
0x006D75C0	38
0x006D75F0	9
0x006D7600	110
0x006D7670	319
0x006D7830	33
0x006D7860	33
0x006D7890	33
0x006D78C0	33
0x006D78F0	33
0x006D7920	216
0x006D7A10	130
0x006D7AC0	135
0x006D7B80	131
0x006D7CE0	135
0x006D7DA0	131
0x006D7F00	135
0x006D7FC0	131
0x006D8120	135
0x006D81E0	131
0x006D8290	141
0x006D8350	173
0x006D8430	142
0x006D84F0	141
0x006D85B0	173
0x006D8690	142
0x006D8750	218
0x006D8870	208
0x006D8980	208
0x006D8A90	37
0x006D8AC0	26
0x006D8AE0	37
0x006D8B10	26
0x006D8B30	26
0x006D8B50	37
0x006D8B80	26
0x006D8BA0	37
0x006D8BD0	26
0x006D8BF0	37
0x006D8C20	26
0x006D8C40	121
0x006D8CC0	45
0x006D8CF0	57
0x006D8D30	316
0x006D8E70	394
0x006D9010	142
0x006D90A0	53
0x006D90E0	372
0x006D9290	51
0x006D92D0	295
0x006D9480	861
0x006D9810	206
0x006D9920	515
0x006D9B30	278
0x006D9C50	179
0x006D9D10	544
0x006D9F60	245
0x006DA090	292
0x006DA1C0	261
0x006DA2D0	267
0x006DA410	1004
0x006DA810	457
0x006DAA50	457
0x006DAC90	147
0x006DAD60	137
0x006DAE20	137
0x006DAEE0	68
0x006DAF30	63
0x006DAF70	105
0x006DB250	294
0x006DB3F0	351
0x006DB5F0	235
0x006DB740	184
0x006DB860	174
0x006DB970	164
0x006DBA60	71
0x006DBAB0	63
0x006DBAF0	105
0x006DBD50	249
0x006DBED0	257
0x006DC030	190
0x006DC150	180
0x006DC270	170
0x006DC380	157
0x006DC460	71
0x006DC4B0	63
0x006DC4F0	105
0x006DC890	250
0x006DC9F0	183
0x006DCB00	173
0x006DCC10	163
0x006DCD10	150
0x006DCDE0	205
0x006DCEE0	205
0x006DCFE0	37
0x006DD010	26
0x006DD030	26
0x006DD050	227
0x006DD1D0	227
0x006DD350	136
0x006DD410	126
0x006DD4C0	126
0x006DD570	37
0x006DD5A0	26
0x006DD5C0	45
0x006DD5F0	62
0x006DD630	26
0x006DD650	23
0x006DD680	19
0x006DD6A0	5
0x006DD6B0	19
0x006DD6D0	39
0x006DD700	14
0x006DD710	62
0x006DD750	14
0x006DD760	52
0x006DD7A0	28
0x006DD7BC	18
0x006DD7D0	8
0x006DD7E0	86
0x006DD840	145
0x006DD8E0	141
0x006DD970	14
0x006DD980	30
0x006DD9A0	30
0x006DD9C0	44
0x006DD9F0	24
0x006DDA20	151
0x006DDAF0	14
0x006DDB10	64
0x006DDB60	69
0x006DDBB0	66
0x006DDC00	69
0x006DDC50	66
0x006DDCA0	40
0x006DDCD0	29
0x006DDCF0	29
0x006DDD10	8
0x006DDD20	40
0x006DDD50	110
0x006DDDD0	133
0x006DDE60	291
0x006DDFD0	110
0x006DE040	650
0x006DE2E0	260
0x006DE3F0	555
0x006DE650	103
0x006DE6C0	69
0x006DE710	311
0x006DE880	94
0x006DE8E0	311
0x006DEA50	94
0x006DEAB0	136
0x006DEB70	126
0x006DEC20	205
0x006DED20	205
0x006DEE20	37
0x006DEE50	26
0x006DEE70	26
0x006DEE90	239
0x006DEFD0	239
0x006DF110	37
0x006DF140	26
0x006DF160	26
0x006DF180	30
0x006DF1A0	30
0x006DF1C0	37
0x006DF1F0	26
0x006DF210	26
0x006DF230	30
0x006DF250	30
0x006DF270	37
0x006DF2A0	26
0x006DF2C0	26
0x006DF2E0	37
0x006DF310	26
0x006DF330	871
0x006DF740	88
0x006DF7A0	134
0x006DF830	120
0x006DF8C0	120
0x006DF950	37
0x006DF980	26
0x006DF9A0	418
0x006DFB50	418
0x006DFD00	37
0x006DFD30	26
0x006DFD50	26
0x006DFD70	245
0x006DFEC0	245
0x006E0010	37
0x006E0040	26
0x006E0060	26
0x006E0080	245
0x006E01D0	245
0x006E0320	37
0x006E0350	26
0x006E0370	26
0x006E0390	1013
0x006E07E0	123
0x006E0860	123
0x006E08E0	160
0x006E0990	117
0x006E09D1	29
0x006E0A30	117
0x006E0A71	29
0x006E0AD0	1013
0x006E0F20	123
0x006E0FA0	123
0x006E1020	160
0x006E10D0	117
0x006E1111	29
0x006E1170	117
0x006E11B1	29
0x006E1210	141
0x006E12A0	260
0x006E1430	325
0x006E15F0	203
0x006E1730	267
0x006E18A0	184
0x006E19C0	174
0x006E1AD0	164
0x006E1BC0	141
0x006E1C50	267
0x006E1DE0	329
0x006E1FA0	208
0x006E20D0	267
0x006E2230	180
0x006E2350	170
0x006E2460	157
0x006E2540	141
0x006E25D0	260
0x006E2750	322
0x006E2900	201
0x006E2A30	260
0x006E2B80	173
0x006E2C90	163
0x006E2D90	150
0x006E2E60	60
0x006E2E9E	16
0x006E2EB0	37
0x006E2EE0	26
0x006E2F00	37
0x006E2F30	26
0x006E2F50	360
0x006E3140	47
0x006E31A0	95
0x006E3210	47
0x006E3240	58
0x006E3280	1176
0x006E40E0	2400
0x006E5110	683
0x006E53C0	148
0x006E5460	275
0x006E5580	74
0x006E55D0	275
0x006E56F0	275
0x006E5810	275
0x006E5930	275
0x006E5A50	74
0x006E5AA0	275
0x006E5BC0	275
0x006E5CE0	74
0x006E5D30	118
0x006E5DB0	1091
0x006E6540	296
0x006E6680	355
0x006E6800	128
0x006E68B0	126
0x006E6960	128
0x006E6A10	126
0x006E6AC0	133
0x006E6B80	123
0x006E6C30	123
0x006E6CE0	30
0x006E6D00	30
0x006E6D20	37
0x006E6D50	26
0x006E6D70	26
0x006E6D90	30
0x006E6DB0	30
0x006E6DD0	37
0x006E6E00	26
0x006E6E20	26
0x006E6E40	126
0x006E6EF0	126
0x006E6FA0	126
0x006E7050	126
0x006E7100	133
0x006E71C0	123
0x006E7270	123
0x006E7320	127
0x006E73D0	130
0x006E7480	128
0x006E7530	127
0x006E75E0	130
0x006E7690	128
0x006E7740	30
0x006E7760	30
0x006E7780	37
0x006E77B0	26
0x006E77D0	26
0x006E77F0	30
0x006E7810	30
0x006E7830	37
0x006E7860	26
0x006E7880	26
0x006E78A0	24
0x006E78C0	31
0x006E78E0	543
0x006E7B30	17
0x006E7B50	69
0x006E7BA0	80
0x006E7BF0	44
0x006E7C30	247
0x006E7D70	34
0x006E7DA0	492
0x006E7F90	23
0x006E7FB0	173
0x006E8090	79
0x006E80E0	173
0x006E81C0	79
0x006E8210	37
0x006E8240	26
0x006E8260	26
0x006E8280	30
0x006E82A0	30
0x006E82C0	37
0x006E82F0	26
0x006E8310	26
0x006E8330	30
0x006E8350	30
0x006E8370	37
0x006E83A0	26
0x006E83C0	26
0x006E83E0	83
0x006E8440	236
0x006E8530	132
0x006E85C0	265
0x006E86D0	302
0x006E8800	133
0x006E8890	183
0x006E8950	189
0x006E8A20	134
0x006E8AB0	288
0x006E8BF0	258
0x006E8D00	91
0x006E8D60	163
0x006E8E10	60
0x006E8E50	447
0x006E9040	17
0x006E9060	17
0x006E9080	53
0x006E90C0	19
0x006E90E0	20
0x006E9100	9
0x006E9110	48
0x006E9140	1014
0x006E95E0	8
0x006E95F0	9
0x006E9600	138
0x006E9FC0	99
0x006EA030	65
0x006EA080	58
0x006EA0C0	58
0x006EA100	58
0x006EA140	58
0x006EA180	58
0x006EA1C0	58
0x006EA200	58
0x006EA240	58
0x006EA280	58
0x006EA2C0	58
0x006EA300	58
0x006EA340	58
0x006EA380	58
0x006EA3C0	9
0x006EA3D0	549
0x006EA6F0	9
0x006EA700	16
0x006EA710	464
0x006EA9D0	16
0x006EAA00	21
0x006EAA20	32
0x006EAA40	21
0x006EAA60	70
0x006EAAB0	70
0x006EAB00	474
0x006EAD60	278
0x006EAEF0	181
0x006EB020	233
0x006EB180	9
0x006EB190	9
0x006EB1A0	9
0x006EB1B0	9
0x006EB1C0	626
0x006EB4D0	287
0x006EB670	24
0x006EB690	21
0x006EB6B0	32
0x006EB6D0	21
0x006EB6F0	70
0x006EB740	70
0x006EB790	1033
