record,old_item,new_item
0,1010,704
1,1011,615
2,1012,614
3,1013,614
4,1014,603
5,1015,705
6,1016,706
7,1017,700
8,1018,608
9,1019,605
10,1020,833
11,1021,830
12,1022,810
13,1023,815
14,1026,820
15,1027,812
16,1028,817
17,1029,822
18,1030,811
19,1031,816
20,1032,821
21,1033,813
22,1034,818
23,1035,823
24,1036,814
25,1037,819
26,1038,824
27,1039,700
28,1050,1610
29,1051,1623
30,1052,825
31,1053,1615
32,1060,2225
33,1061,2226
34,1062,2227
35,1063,2209
36,1064,2210
37,1065,2211
38,1066,2212
39,1067,2213
40,1068,2214
41,1070,701
42,1077,2228
43,1078,951
44,1079,952
45,1080,953
46,1081,954
47,1089,959
48,1183,607
49,1184,612
50,1185,609
51,1186,606
52,1187,610
53,1188,611
54,1189,841
55,1190,612
56,1191,2209
57,1192,2210
58,1193,2211
59,1194,2212
60,1195,2213
61,1196,2214
62,1197,2215
63,1198,2209
64,1201,2210
65,1205,2211
66,1206,2212
67,1207,2213
68,1208,2214
69,1209,2215
70,1214,2209
71,1215,2210
72,1328,2209
73,1347,958
74,1348,957
75,1349,956
76,1350,955
77,1351,954
78,1352,953
79,1360,2215
80,1362,824
81,1363,819
82,1380,628
83,1381,628
84,1382,628
85,1400,31300
86,1401,31321
87,1402,31030
88,1403,31020
89,1404,31003
90,1405,31343
91,1406,31021
92,1407,31031
93,1408,31022
94,1409,31013
95,1410,31040
96,1411,31323
97,1412,31024
98,1413,31302
99,1414,31333
100,1415,31330
101,1416,31033
102,1417,31304
103,1418,31314
104,1419,31407
105,1420,31404
106,1421,31408
107,1422,31409
108,1423,31410
109,1424,31411
110,1425,31412
111,1426,31413
112,1427,31414
113,1428,31415
114,1430,31416
115,1500,951
116,1501,952
117,1502,953
118,1503,954
119,1504,955
120,1505,956
121,1506,957
122,1507,958
123,1508,959
124,1509,960
125,1510,961
126,1511,962
127,1517,2209
128,1518,2210
129,1519,831
130,1522,2211
131,1526,2212
132,1563,2209
133,1564,2210
134,1565,2211
135,1566,2212
136,1567,2213
137,1568,2214
138,1569,2225
139,1570,2226
140,1571,2227
141,1572,2228
142,1573,2225
143,1576,633
144,1577,636
145,1600,1612
146,1601,955
147,1602,959
148,1603,956
149,1604,700
150,1605,967
151,1606,830
152,1607,635
153,2004,814
154,2008,811
155,2041,648
156,2249,2209
157,2270,613
158,2271,660
159,2272,646
160,2273,761
161,2274,746
162,2275,730
163,2284,635
164,2293,2210
165,2518,819
166,2531,824
167,2533,747
168,2534,630
169,2535,761
170,2604,604
171,2605,675
172,2641,645
173,2642,647
174,2643,831
175,2644,734
176,2646,733
177,13000,13000
178,30000,684
179,30001,681
180,30002,685
181,30003,686
182,30004,687
183,30005,688
184,30006,689
185,30007,776
186,30008,690
187,30009,31205
188,30010,31206
189,30011,31207
190,30012,31208
191,30013,806
192,30014,807
193,30015,801
194,30016,809
195,30017,810
196,30018,31209
197,30019,811
198,30020,31210
199,30021,31211
200,30022,31212
201,30030,951
202,30031,952
203,30035,970
204,30044,632
205,30050,953
206,30052,968
207,30059,30042
208,30106,30042
209,30112,13000
210,30121,30042
211,31006,31213
212,31007,31214
213,31008,31215
214,31009,31216
215,31010,31217
216,31011,31218
217,31012,31219
218,31013,31220
219,31017,31951
220,31018,31940
221,31019,31960
222,31020,31961
223,31021,31970
224,31022,31980
225,31023,31901
226,31024,31981
227,31025,31940
228,31026,31961
229,31027,31950
230,31028,31990
231,31029,31972
232,31030,31941
233,775,31213
