character,version,tail_count,strength,dexterity,constitution,intelligence,wisdom,charisma,name
29,1,7,17,21,17,17,17,16,Caron the Unsur
30,1,29,20,21,19,20,20,17,Anathea
31,1,21,19,18,19,18,17,18,Cermak
32,1,2,20,20,20,19,21,17,Frin'kal
33,1,26,24,15,22,13,15,14,Gerakis
34,1,4,20,22,20,19,21,18,Frin'kal'kan
35,1,4,20,22,20,19,21,18,Bzz'klkd'ng
36,1,4,17,22,20,19,21,15,Clk'whrr
37,1,7,19,22,18,21,19,16,Meggyn
38,1,7,18,22,19,16,17,14,Zontorra
39,1,6,22,20,21,15,17,16,Borzak
40,1,6,18,21,17,18,18,18,Ar'Anda
41,1,7,19,17,18,12,19,18,Terrannus
42,1,4,19,21,19,16,19,15,Thy'rokh
43,1,6,24,15,22,13,15,14,Gerakis
50,1,13,19,21,17,18,18,18,Ar'Anda
51,1,5,19,21,19,16,19,15,Thy-rohk
52,1,19,18,15,18,15,17,15,Hamonde
53,1,12,19,17,18,12,19,18,Terrannus
