ByteValue,MaskContribution
0,4
1,0
2,0
3,4
4,0
5,4
6,4
7,0
8,0
9,4
10,4
11,0
12,4
13,0
14,0
15,4
16,0
17,4
18,4
19,0
20,4
21,0
22,0
23,4
24,4
25,0
26,0
27,4
28,0
29,4
30,4
31,0
32,0
33,4
34,4
35,0
36,4
37,0
38,0
39,4
40,4
41,0
42,0
43,4
44,0
45,4
46,4
47,0
48,4
49,0
50,0
51,4
52,0
53,4
54,4
55,0
56,0
57,4
58,4
59,0
60,4
61,0
62,0
63,4
64,0
65,4
66,4
67,0
68,4
69,0
70,0
71,4
72,4
73,0
74,0
75,4
76,0
77,4
78,4
79,0
80,4
81,0
82,0
83,4
84,0
85,4
86,4
87,0
88,0
89,4
90,4
91,0
92,4
93,0
94,0
95,4
96,4
97,0
98,0
99,4
100,0
101,4
102,4
103,0
104,0
105,4
106,4
107,0
108,4
109,0
110,0
111,4
112,0
113,4
114,4
115,0
116,4
117,0
118,0
119,4
120,4
121,0
122,0
123,4
124,0
125,4
126,4
127,0
128,0
129,4
130,4
131,0
132,4
133,0
134,0
135,4
136,4
137,0
138,0
139,4
140,0
141,4
142,4
143,0
144,4
145,0
146,0
147,4
148,0
149,4
150,4
151,0
152,0
153,4
154,4
155,0
156,4
157,0
158,0
159,4
160,4
161,0
162,0
163,4
164,0
165,4
166,4
167,0
168,0
169,4
170,4
171,0
172,4
173,0
174,0
175,4
176,0
177,4
178,4
179,0
180,4
181,0
182,0
183,4
184,4
185,0
186,0
187,4
188,0
189,4
190,4
191,0
192,4
193,0
194,0
195,4
196,0
197,4
198,4
199,0
200,0
201,4
202,4
203,0
204,4
205,0
206,0
207,4
208,0
209,4
210,4
211,0
212,4
213,0
214,0
215,4
216,4
217,0
218,0
219,4
220,0
221,4
222,4
223,0
224,0
225,4
226,4
227,0
228,4
229,0
230,0
231,4
232,4
233,0
234,0
235,4
236,0
237,4
238,4
239,0
240,4
241,0
242,0
243,4
244,0
245,4
246,4
247,0
248,0
249,4
250,4
251,0
252,4
253,0
254,0
255,4
